<?xml version="1.0" encoding="UTF-8"?>
<project-private xmlns="http://www.netbeans.org/ns/project-private/1">
    <editor-bookmarks xmlns="http://www.netbeans.org/ns/editor-bookmarks/2" lastBookmarkId="0"/>
    <open-files xmlns="http://www.netbeans.org/ns/projectui-open-files/2">
        <group>
            <file>file:/C:/microchip/harmony/v1_08_01/apps/Team13_MS1/firmware/src/debug.h</file>
            <file>file:/C:/microchip/harmony/v1_08_01/apps/Team13_MS1/firmware/src/system_config/MS1/system_tasks.c</file>
            <file>file:/C:/microchip/harmony/v1_08_01/apps/Team13_MS1/firmware/src/tmr_callback.c</file>
            <file>file:/C:/microchip/harmony/v1_08_01/apps/Team13_MS1/firmware/src/app.h</file>
            <file>file:/C:/microchip/harmony/v1_08_01/apps/Team13_MS1/firmware/src/app.c</file>
            <file>file:/C:/microchip/harmony/v1_08_01/apps/Team13_MS1/firmware/src/debug.c</file>
        </group>
    </open-files>
</project-private>
