<?xml version="1.0" encoding="UTF-8" standalone="no"?>
<configuration version="2.0.0.12">
  <General>
    <HarmonyPath path="../.."/>
    <Processor name=""/>
    <Board name=" "/>
    <ForceOptimization flag="true"/>
    <MergeStrategy flag="ALL"/>
  </General>
  <Manifest>
    <Files>
      <File>
        <Name>ISR_Support.h</Name>
        <Path>Header Files/FreeRTOS/portable/MPLAB/PIC32MX</Path>
      </File>
      <File>
        <Name>drv_tmr_mapping.h</Name>
        <Path>Header Files/framework/driver/tmr</Path>
      </File>
      <File>
        <Name>semphr.h</Name>
        <Path>Header Files/FreeRTOS</Path>
      </File>
      <File>
        <Name>driver_common.h</Name>
        <Path>Header Files/framework/driver</Path>
      </File>
      <File>
        <Name>queue.h</Name>
        <Path>Header Files/FreeRTOS</Path>
      </File>
      <File>
        <Name>portmacro.h</Name>
        <Path>Header Files/FreeRTOS/portable/MPLAB/PIC32MX</Path>
      </File>
      <File>
        <Name>croutine.c</Name>
        <Path>Source Files/FreeRTOS</Path>
      </File>
      <File>
        <Name>port_asm.S</Name>
        <Path>Source Files/FreeRTOS/portable/MPLAB/PIC32MX</Path>
      </File>
      <File>
        <Name>drv_i2c.c</Name>
        <Path>Source Files/framework/driver/i2c/src/dynamic</Path>
      </File>
      <File>
        <Name>list.h</Name>
        <Path>Header Files/FreeRTOS</Path>
      </File>
      <File>
        <Name>driver.h</Name>
        <Path>Header Files/framework/driver</Path>
      </File>
      <File>
        <Name>peripheral_common.h</Name>
        <Path>Header Files/framework/peripheral</Path>
      </File>
      <File>
        <Name>sys_int_pic32.c</Name>
        <Path>Source Files/framework/system/int/src</Path>
      </File>
      <File>
        <Name>sys_clk.h</Name>
        <Path>Header Files/framework/system/clk</Path>
      </File>
      <File>
        <Name>port.c</Name>
        <Path>Source Files/FreeRTOS/portable/MPLAB/PIC32MX</Path>
      </File>
      <File>
        <Name>sys_int_private.h</Name>
        <Path>Header Files/framework/system/int/src</Path>
      </File>
      <File>
        <Name>deprecated_definitions.h</Name>
        <Path>Header Files/FreeRTOS</Path>
      </File>
      <File>
        <Name>system.h</Name>
        <Path>Header Files/framework/system</Path>
      </File>
      <File>
        <Name>drv_i2c.h</Name>
        <Path>Header Files/framework/driver/i2c</Path>
      </File>
      <File>
        <Name>timers.h</Name>
        <Path>Header Files/FreeRTOS</Path>
      </File>
      <File>
        <Name>heap_1.c</Name>
        <Path>Source Files/FreeRTOS/portable/MemMang</Path>
      </File>
      <File>
        <Name>task.h</Name>
        <Path>Header Files/FreeRTOS</Path>
      </File>
      <File>
        <Name>sys_int.h</Name>
        <Path>Header Files/framework/system/int</Path>
      </File>
      <File>
        <Name>osal_freertos.h</Name>
        <Path>Header Files/framework/osal/src</Path>
      </File>
      <File>
        <Name>osal_impl_basic.h</Name>
        <Path>Header Files/framework/osal/src</Path>
      </File>
      <File>
        <Name>peripheral_common_32bit.h</Name>
        <Path>Header Files/framework/peripheral</Path>
      </File>
      <File>
        <Name>drv_tmr_variant_mapping.h</Name>
        <Path>Header Files/framework/driver/tmr/src</Path>
      </File>
      <File>
        <Name>list.c</Name>
        <Path>Source Files/FreeRTOS</Path>
      </File>
      <File>
        <Name>drv_tmr.h</Name>
        <Path>Header Files/framework/driver/tmr</Path>
      </File>
      <File>
        <Name>sys_devcon.c</Name>
        <Path>Source Files/framework/system/devcon/src</Path>
      </File>
      <File>
        <Name>osal.h</Name>
        <Path>Header Files/framework/osal</Path>
      </File>
      <File>
        <Name>StackMacros.h</Name>
        <Path>Header Files/FreeRTOS</Path>
      </File>
      <File>
        <Name>osal_freertos.c</Name>
        <Path>Source Files/framework/osal/src</Path>
      </File>
      <File>
        <Name>tasks.c</Name>
        <Path>Source Files/FreeRTOS</Path>
      </File>
      <File>
        <Name>sys_ports.h</Name>
        <Path>Header Files/framework/system/ports</Path>
      </File>
      <File>
        <Name>projdefs.h</Name>
        <Path>Header Files/FreeRTOS</Path>
      </File>
      <File>
        <Name>portable.h</Name>
        <Path>Header Files/FreeRTOS</Path>
      </File>
      <File>
        <Name>croutine.h</Name>
        <Path>Header Files/FreeRTOS</Path>
      </File>
      <File>
        <Name>drv_i2c_compatibility.h</Name>
        <Path>Header Files/framework/driver/i2c</Path>
      </File>
      <File>
        <Name>sys_common.h</Name>
        <Path>Header Files/framework/system/common</Path>
      </File>
      <File>
        <Name>sys_buffer.h</Name>
        <Path>Header Files/framework/system/common</Path>
      </File>
      <File>
        <Name>event_groups.h</Name>
        <Path>Header Files/FreeRTOS</Path>
      </File>
      <File>
        <Name>osal_impl_none.h</Name>
        <Path>Header Files/framework/osal/src</Path>
      </File>
      <File>
        <Name>drv_i2c_variant_mapping.h</Name>
        <Path>Header Files/framework/driver/i2c/src</Path>
      </File>
      <File>
        <Name>sys_clk_mapping.h</Name>
        <Path>Header Files/framework/system/clk</Path>
      </File>
      <File>
        <Name>osal_definitions.h</Name>
        <Path>Header Files/framework/osal</Path>
      </File>
      <File>
        <Name>sys_int_mapping.h</Name>
        <Path>Header Files/framework/system/int</Path>
      </File>
      <File>
        <Name>FreeRTOS.h</Name>
        <Path>Header Files/FreeRTOS</Path>
      </File>
      <File>
        <Name>gfx_palette.h</Name>
        <Path>Header Files/framework/gfx</Path>
      </File>
      <File>
        <Name>drv_i2c_local.h</Name>
        <Path>Header Files/framework/driver/i2c/src</Path>
      </File>
      <File>
        <Name>sys_devcon.h</Name>
        <Path>Header Files/framework/system/devcon</Path>
      </File>
      <File>
        <Name>event_groups.c</Name>
        <Path>Source Files/FreeRTOS</Path>
      </File>
      <File>
        <Name>sys_debug.h</Name>
        <Path>Header Files/framework/system/debug</Path>
      </File>
      <File>
        <Name>sys_module.h</Name>
        <Path>Header Files/framework/system/common</Path>
      </File>
      <File>
        <Name>drv_i2c_mapping.h</Name>
        <Path>Header Files/framework/driver/i2c</Path>
      </File>
      <File>
        <Name>sys_devcon_pic32mx.c</Name>
        <Path>Source Files/framework/system/devcon/src</Path>
      </File>
      <File>
        <Name>sys_devcon_local.h</Name>
        <Path>Header Files/framework/system/devcon/src</Path>
      </File>
      <File>
        <Name>timers.c</Name>
        <Path>Source Files/FreeRTOS</Path>
      </File>
      <File>
        <Name>mpu_wrappers.h</Name>
        <Path>Header Files/FreeRTOS</Path>
      </File>
      <File>
        <Name>peripheral.h</Name>
        <Path>Header Files/framework/peripheral</Path>
      </File>
      <File>
        <Name>sys_queue.h</Name>
        <Path>Header Files/framework/system/common</Path>
      </File>
      <File>
        <Name>queue.c</Name>
        <Path>Source Files/FreeRTOS</Path>
      </File>
    </Files>
    <Templates>
      <Template>
        <Name>sys_ports_static.c</Name>
        <Path>Source Files/app/system_config/default/framework/system/ports/src</Path>
        <Checksum>95DFDD1603FE4DED042B76A806DFF3A5</Checksum>
        <ProjectFileChecksum>BE483642630475702DFC5BFBB54249D0</ProjectFileChecksum>
      </Template>
      <Template>
        <Name>system_init.c</Name>
        <Path>Source Files/app/system_config/default</Path>
        <Checksum>D7087EA6CAB98DD38C9F07153EC1D1E2</Checksum>
        <ProjectFileChecksum>6D89F6C327FFB240191C5F58B7CA90FC</ProjectFileChecksum>
      </Template>
      <Template>
        <Name>main.c</Name>
        <Path>Source Files/app</Path>
      </Template>
      <Template>
        <Name>system_interrupt_a.S</Name>
        <Path>Source Files/app/system_config/default</Path>
        <Checksum>24118FE4181855DE642BC2E5E3922670</Checksum>
        <ProjectFileChecksum>FDF8EDC7615B02450FF9AAFA67B08659</ProjectFileChecksum>
      </Template>
      <Template>
        <Name>drv_tmr_static.h</Name>
        <Path>Header Files/app/system_config/default/framework/driver/tmr</Path>
        <Checksum>5B1227C9C8A50A58EB2DAB66BF09B4E6</Checksum>
        <ProjectFileChecksum>821A823CB2A0ACA676CEACAF47B72FE2</ProjectFileChecksum>
      </Template>
      <Template>
        <Name>drv_tmr_mapping.c</Name>
        <Path>Source Files/app/system_config/default/framework/driver/tmr/src</Path>
        <Checksum>0651845480D5D3E21D8BF17EE68DBEAC</Checksum>
        <ProjectFileChecksum>58D891889262DD071E2BA652B3778C1F</ProjectFileChecksum>
      </Template>
      <Template>
        <Name>system_definitions.h</Name>
        <Path>Header Files/app/system_config/default</Path>
        <Checksum>CCD9928E5E3364770D75E79C257C245C</Checksum>
        <ProjectFileChecksum>2D4D78D5AA8ADEE6F20AF1742B94BCAE</ProjectFileChecksum>
      </Template>
      <Template>
        <Name>system_exceptions.c</Name>
        <Path>Source Files/app/system_config/default</Path>
        <Checksum>C111969CA43D6CEA1E9E33A6164E7AE0</Checksum>
        <ProjectFileChecksum>1C39DBE46859E33550524930DADACE73</ProjectFileChecksum>
      </Template>
      <Template>
        <Name>app.c</Name>
        <Path>Source Files/app</Path>
      </Template>
      <Template>
        <Name>FreeRTOSConfig.h</Name>
        <Path>Header Files/app/system_config/default</Path>
        <Checksum>A1F6B14C1BF51E577014DBC1D4C92CF1</Checksum>
        <ProjectFileChecksum>7334D7B3BA1EB5E167EBE296B86184EC</ProjectFileChecksum>
      </Template>
      <Template>
        <Name>system_tasks.c</Name>
        <Path>Source Files/app/system_config/default</Path>
        <Checksum>35EAD6992DCEEAFAE66093DA47554541</Checksum>
        <ProjectFileChecksum>18EF2657104220FF6CC229BA711510E1</ProjectFileChecksum>
      </Template>
      <Template>
        <Name>system_config.h</Name>
        <Path>Header Files/app/system_config/default</Path>
        <Checksum>A2201AC9E326F51E2D211084917E66D4</Checksum>
        <ProjectFileChecksum>C2F52B8C6C3D6440527EE02094709CE8</ProjectFileChecksum>
      </Template>
      <Template>
        <Name>app.h</Name>
        <Path>Header Files/app</Path>
      </Template>
      <Template>
        <Name>drv_tmr_static.c</Name>
        <Path>Source Files/app/system_config/default/framework/driver/tmr/src</Path>
        <Checksum>83124241FDEB612428B19D578FBB2AC6</Checksum>
        <ProjectFileChecksum>A1325E677B1F4F01CE9C25E5BA6942C6</ProjectFileChecksum>
      </Template>
      <Template>
        <Name>sys_clk_static.h</Name>
        <Path>Header Files/app/system_config/default/framework/system/clk</Path>
        <Checksum>B4BD59D8D7C4DA95DC5E3B57755FD352</Checksum>
        <ProjectFileChecksum>A9FD923E19FB88E2BBE0EFA4D15827D9</ProjectFileChecksum>
      </Template>
      <Template>
        <Name>system_interrupt.c</Name>
        <Path>Source Files/app/system_config/default</Path>
        <Checksum>DE52F816249AB938DC59D57857FE725F</Checksum>
        <ProjectFileChecksum>15AAD7E954A4CE88BDDE4CC00B6600CC</ProjectFileChecksum>
      </Template>
      <Template>
        <Name>rtos_hooks.c</Name>
        <Path>Source Files/app/system_config/default</Path>
        <Checksum>FA52743264536E5207D2ADBE57B48D05</Checksum>
        <ProjectFileChecksum>5616381D3DA185F7910AE82AF5F7E664</ProjectFileChecksum>
      </Template>
      <Template>
        <Name>sys_clk_static.c</Name>
        <Path>Source Files/app/system_config/default/framework/system/clk/src</Path>
        <Checksum>E8C935BED4628875A8C3428DDD07355C</Checksum>
        <ProjectFileChecksum>768BB3EB95FEFD67F0E195875154297D</ProjectFileChecksum>
      </Template>
    </Templates>
    <CompilerItems>
      <C32-AS>
        <Include value="../../../../third_party/rtos/FreeRTOS/Source/portable/MPLAB/PIC32MX"/>
        <Include value="../../../../third_party/rtos/FreeRTOS/Source/include"/>
        <Include value="../src/system_config/default"/>
      </C32-AS>
      <C32>
        <Include value="C:\microchip\harmony\v1_08_01\apps\lineFollower\firmware\src"/>
        <Include value="C:\microchip\harmony\v1_08_01\apps\lineFollower\firmware\src\system_config\default"/>
        <Include value="C:\microchip\harmony\v1_08_01\framework"/>
        <Include value="C:\microchip\harmony\v1_08_01\apps\lineFollower\firmware\src\system_config\default\framework"/>
        <Include value="../../../../third_party/rtos/FreeRTOS/Source/portable/MPLAB/PIC32MX"/>
        <Include value="../../../../third_party/rtos/FreeRTOS/Source/include"/>
        <Include value="../src/system_config/default"/>
        <Define value="__XC"/>
      </C32>
    </CompilerItems>
    <Libraries>
      <Library value="../../../../framework/tcpip/src/crypto/aes_pic32mx.a"/>
      <Library value="../../../../bin/framework/peripheral/PIC32MX795F512L_peripherals.a"/>
    </Libraries>
  </Manifest>
</configuration>
