<?xml version="1.0" encoding="UTF-8"?>
<project-private xmlns="http://www.netbeans.org/ns/project-private/1">
    <editor-bookmarks xmlns="http://www.netbeans.org/ns/editor-bookmarks/2" lastBookmarkId="0"/>
    <open-files xmlns="http://www.netbeans.org/ns/projectui-open-files/2">
        <group>
            <file>file:/C:/microchip/harmony/v1_08_01/apps/lineFollower/firmware/src/system_config/default/system_interrupt.c</file>
            <file>file:/C:/microchip/harmony/v1_08_01/apps/lineFollower/firmware/src/app.h</file>
            <file>file:/C:/microchip/harmony/v1_08_01/framework/driver/i2c/src/dynamic/drv_i2c.c</file>
            <file>file:/C:/microchip/harmony/v1_08_01/apps/lineFollower/firmware/src/app.c</file>
            <file>file:/C:/microchip/harmony/v1_08_01/apps/lineFollower/firmware/src/system_config/default/system_exceptions.c</file>
        </group>
    </open-files>
</project-private>
