<?xml version="1.0" encoding="UTF-8"?>
<project-private xmlns="http://www.netbeans.org/ns/project-private/1">
    <editor-bookmarks xmlns="http://www.netbeans.org/ns/editor-bookmarks/2" lastBookmarkId="0"/>
    <open-files xmlns="http://www.netbeans.org/ns/projectui-open-files/2">
        <group>
            <file>file:/C:/microchip/harmony/v1_08_01/apps/Milestone_4_Movement/firmware/src/line_follower.c</file>
            <file>file:/C:/microchip/harmony/v1_08_01/apps/Milestone_4_Movement/firmware/src/debug.c</file>
            <file>file:/C:/microchip/harmony/v1_08_01/apps/Milestone_4_Movement/firmware/src/system_config/default/system_interrupt.c</file>
            <file>file:/C:/microchip/harmony/v1_08_01/apps/Milestone_4_Movement/firmware/src/motor_thread.c</file>
        </group>
    </open-files>
</project-private>
